{"cameraMode":{"drawMode":0,"name":"Shaded","section":"Shading Mode"},"sceneLighting":true,"audioPlay":false,"sceneViewState":{"showFog":true,"showMaterialUpdate":true,"showSkybox":true,"showFlares":true,"showImageEffects":true,"showParticleSystems":true},"in2DMode":false,"pivot":{"x":-1.5987062454223633,"y":-1.0527653694152833,"z":0.901648998260498},"rotation":{"x":-0.21603846549987794,"y":-0.42948639392852785,"z":0.10663160681724549,"w":-0.8703653216362},"size":5.994724273681641,"orthographic":false}