{"cameraMode":{"drawMode":0,"name":"Shaded","section":"Shading Mode"},"sceneLighting":false,"audioPlay":false,"sceneViewState":{"showFog":true,"showMaterialUpdate":true,"showSkybox":false,"showFlares":true,"showImageEffects":true,"showParticleSystems":true},"in2DMode":false,"pivot":{"x":5.960464477539063e-8,"y":0.012499988079071045,"z":5.777499675750732},"rotation":{"x":-0.1324717402458191,"y":0.543234646320343,"z":-0.08727897703647614,"w":-0.8244742155075073},"size":6.378256797790527,"orthographic":false}