{"cameraMode":{"drawMode":0,"name":"Shaded","section":"Shading Mode"},"sceneLighting":true,"audioPlay":false,"sceneViewState":{"showFog":true,"showMaterialUpdate":true,"showSkybox":true,"showFlares":true,"showImageEffects":true,"showParticleSystems":true},"in2DMode":false,"pivot":{"x":0.0,"y":1.4591305255889893,"z":-2.754611015319824},"rotation":{"x":-0.27663567662239077,"y":-0.17689396440982819,"z":0.051878154277801517,"w":-0.9431414604187012},"size":3.601604461669922,"orthographic":false}